{"cameraMode":{"drawMode":0,"name":"Shaded","section":"Shading Mode"},"sceneLighting":true,"audioPlay":false,"sceneViewState":{"m_AlwaysRefresh":true,"showFog":true,"showSkybox":true,"showFlares":true,"showImageEffects":true,"showParticleSystems":true,"showVisualEffectGraphs":true,"m_FxEnabled":true},"in2DMode":false,"pivot":{"x":-0.22288739681243897,"y":2.672609329223633,"z":0.08058443665504456},"rotation":{"x":0.026679055765271188,"y":0.024586666375398637,"z":0.0006562260678038001,"w":-0.9993467330932617},"size":3.927720308303833,"orthographic":false}