{"cameraMode":{"drawMode":0,"name":"Shaded","section":"Shading Mode"},"sceneLighting":true,"audioPlay":false,"sceneViewState":{"showFog":true,"showMaterialUpdate":true,"showSkybox":true,"showFlares":true,"showImageEffects":true,"showParticleSystems":true},"in2DMode":false,"pivot":{"x":0.6863090991973877,"y":2.056795597076416,"z":-0.08068656921386719},"rotation":{"x":-0.052780233323574069,"y":0.014077680185437203,"z":-0.0007445611990988255,"w":-0.9985116124153137},"size":13.955548286437989,"orthographic":false}